{
    "fold": 1,
    "accuracy": 0.9923,
    "precision": 0.9923028181805134,
    "recall": 0.9923,
    "f1": 0.9922988907173315
}