{
    "fold": 3,
    "accuracy": 0.9918,
    "precision": 0.9918092228249814,
    "recall": 0.9918,
    "f1": 0.9917972370763393
}