{
    "fold": 2,
    "accuracy": 0.9928,
    "precision": 0.9928065441877144,
    "recall": 0.9928,
    "f1": 0.9927992234771654
}