{
    "fold": 3,
    "accuracy": 0.9919,
    "precision": 0.9919215813852136,
    "recall": 0.9919,
    "f1": 0.9919000742051934
}