{
    "fold": 2,
    "accuracy": 0.9931,
    "precision": 0.9931246821535277,
    "recall": 0.9931,
    "f1": 0.993097367364117
}