{
    "fold": 1,
    "accuracy": 0.992,
    "precision": 0.9920343128274324,
    "recall": 0.992,
    "f1": 0.9919999411598437
}